,,season,year,,,,,,,,,,,,,,,,,,,,,,,,,,,,,,,,,,,,,,,,,,,,,,,,,,,,
,,,,,Scrub,,(Line 3),,,Fence,,(Line 2),,,Paddock 1-2,,(Line 1),,,Paddock 2-3,,(Line 4),,,Crops avge,,,,,Pastures avge,,,,,Railway (avge),,,,,Scrub + Fenceline,,,,,TOTAL,,,,,,,,,TOTAL,
,,,,,,,,,,,,,,,,,,,,,,,,,,,,,,,,,,,,,,,,,,,,,,,,,,,,,,,
trip,date,,,traps,cap's,sites,cap's,cap's,traps,cap's,sites,cap's,cap's,traps,cap's,sites,cap's,cap's,traps,cap's,sites,cap's,cap's,traps,cap's,sites,cap's,cap's,traps,cap's,sites,cap's,cap's,traps,cap's,sites,cap's,cap's,traps,cap's,sites,cap's,cap's,traps,cap's,sites,cap's,cap's,,,,,traps,cap's,sites
no.,,,,/site,,,/100tn,/100tn,/site,,,/100tn,/100tn,/site,,,/100tn,/100tn,/site,,,/100tn,/100tn,/site,,,/100tn,/100tn,/site,,,/100tn,/100tn,/site,,,/100tn,/100tn,/site,,,/100tn,/100tn,/site,,,/100tn,/100tn,Actual trapnights,corrected trapnights,,,/site,,
,,,,,,,(raw data),(corrected),,,,(raw data),(corrected),,,,(raw data),(corrected),,,,(raw data),(corrected),,,,(raw data),(corrected),,,,(raw data),(corrected),,,,(raw data),(corrected),,,,(raw data),(corrected),,,,(raw data),(corrected),Assuming equal no. of traps set over 3 nights,Number of traps per 3 nights assuming 3 traps were set per site and same number of traps were set each night,% Captures per corrected trapnights,trap success,,,
1,6/4/1980,Autumn,1980,1.8,33,13,47.00854701,28.20512821,1.2,8,13,17.09401709,6.837606838,2.1,45,13,54.94505495,38.46153846,,,0,,,3,45,13,38.46153846,38.46153846,3,,0,,,,,,,,1.5,41,26,35.04273504,17.52136752,1.7,86,39,43.23780794,24.5014245,198.9,351,24.5014245,0.245014245,1.65,53,26
2,3/5/1980,Autumn,1980,2.9,133,13,117.5950486,113.6752137,2.8,90,13,82.41758242,76.92307692,2.9,96,13,84.8806366,82.05128205,,,0,,,2.92,96,13,84.29926238,82.05128205,3,,0,,,,,,,,2.96,223,26,96.58697159,95.2991453,2.866666667,319,39,95.11031604,90.88319088,335.4,351,90.88319088,0.908831909,2.85,186,26
3,7/6/1980,Winter,1980,2.8,132,13,120.8791209,112.8205128,2.2,140,13,163.1701632,119.6581197,2.4,177,13,189.1025641,151.2820513,,,0,,,2.41,177,13,188.3179062,151.2820513,3,,0,,,,,,,,2.305,272,26,151.2876133,116.2393162,2.466666667,449,39,155.5786556,127.9202279,288.6,351,127.9202279,1.279202279,2.3,317,26
4,5/7/1980,Winter,1980,1.2,5,13,10.68376068,4.273504274,2.2,60,13,69.93006993,51.28205128,2.8,161,13,147.4358974,137.6068376,,,0,,,3,161,13,137.6068376,137.6068376,3,,0,,,,,,,,2.975,65,26,28.01120448,27.77777778,2.066666667,226,39,93.46567411,64.38746439,241.8,351,64.38746439,0.643874644,2.5,221,26
5,2/8/1980,Winter,1980,3,3,13,2.564102564,2.564102564,3,0,13,0,0,3,0,13,0,0,,,0,,,3,0,10,0,0,3,0,3,0,0,,,,,,3,3,26,1.282051282,1.282051282,3,3,39,0.854700855,0.854700855,351,351,0.854700855,0.008547009,3,0,26
6,13/9/1980,Spring,1980,3,0,13,0,0,3,2,13,1.709401709,1.709401709,3,0,13,0,0,,,0,,,3,0,10,0,0,3,0,3,0,0,,,,,,3,2,26,0.854700855,0.854700855,3,2,39,0.56980057,0.56980057,351,351,0.56980057,0.005698006,3,2,26
7,4/10/1980,Spring,1980,3,0,13,0,0,3,0,13,0,0,3,0,13,0,0,,,0,,,3,0,10,0,0,3,0,3,0,0,,,,,,3,0,26,0,0,3,0,39,0,0,351,351,0,0,3,0,26
8,1/11/1980,Spring,1980,3,0,13,0,0,3,0,13,0,0,3,7,13,5.982905983,5.982905983,,,0,,,3,7,10,7.777777778,7.777777778,3,0,3,0,0,,,,,,3,0,26,0,0,3,7,39,1.994301994,1.994301994,351,351,1.994301994,0.01994302,3,7,26
9,2/12/1980,Summer,1980,3,0,13,0,0,3,0,13,0,0,3,0,13,0,0,,,0,,,3,0,10,0,0,3,0,3,0,0,,,,,,3,0,26,0,0,3,0,39,0,0,351,351,0,0,3,0,26
10,5/1/1981,Summer,1981,2.8,0,13,0,0,3,0,13,0,0,3,2,13,1.709401709,1.709401709,,,0,,,3,2,10,2.222222222,2.222222222,3,0,3,0,0,,,,,,3,0,26,0,0,2.933333333,2,39,0.582750583,0.56980057,343.2,351,0.56980057,0.005698006,3,2,26
11,3/2/1981,Summer,1981,3,0,13,0,0,3,1,13,0.854700855,0.854700855,3,0,13,0,0,,,0,,,3,0,10,0,0,3,0,3,0,0,,,,,,3,1,26,0.427350427,0.427350427,3,1,39,0.284900285,0.284900285,351,351,0.284900285,0.002849003,3,1,26
12,7/3/1981,Autumn,1981,3,0,13,0,0,3,3,13,2.564102564,2.564102564,3,1,13,0.854700855,0.854700855,,,0,,,3,1,10,1.111111111,1.111111111,3,0,3,0,0,,,,,,3,3,26,1.282051282,1.282051282,3,4,39,1.13960114,1.13960114,351,351,1.13960114,0.011396011,3,4,26
13,4/4/1981,Autumn,1981,3,3,13,2.564102564,2.564102564,3,0,13,0,0,3,1,13,0.854700855,0.854700855,,,0,,,3,1,10,1.111111111,1.111111111,3,0,3,0,0,,,,,,3,3,26,1.282051282,1.282051282,3,4,39,1.13960114,1.13960114,351,351,1.13960114,0.011396011,3,1,26
14,6/5/1981,Autumn,1981,3,17,13,14.52991453,14.52991453,3,9,13,7.692307692,7.692307692,3,3,13,2.564102564,2.564102564,,,0,,,3,0,10,0,0,3,3,3,11.11111111,11.11111111,,,,,,3,26,26,11.11111111,11.11111111,3,29,39,8.262108262,8.262108262,351,351,8.262108262,0.082621083,3,12,26
15,6/6/1981,Winter,1981,3,5,13,4.273504274,4.273504274,3,3,13,2.564102564,2.564102564,3,1,13,0.854700855,0.854700855,,,0,,,3,1,10,1.111111111,1.111111111,3,0,3,0,0,,,,,,3,8,26,3.418803419,3.418803419,3,9,39,2.564102564,2.564102564,351,351,2.564102564,0.025641026,3,4,26
16,4/7/1981,Winter,1981,3,4,13,3.418803419,3.418803419,3,3,13,2.564102564,2.564102564,2.4,2,13,2.136752137,1.709401709,,,0,,,,,0,,,3,0,13,0,0,,,,,,3,7,26,2.991452991,2.991452991,2.8,9,39,2.747252747,2.564102564,327.6,351,2.564102564,0.025641026,2.7,5,26
17,1/8/1981,Winter,1981,3,2,13,1.709401709,1.709401709,3,2,13,1.709401709,1.709401709,3,0,13,0,0,,,0,,,,,0,,,3,0,13,0,0,,,,,,3,4,26,1.709401709,1.709401709,3,4,39,1.13960114,1.13960114,351,351,1.13960114,0.011396011,3,2,26
18,12/9/1981,Spring,1981,3,5,13,4.273504274,4.273504274,3,0,13,0,0,3,0,13,0,0,,,0,,,,,0,,,3,0,13,0,0,,,,,,3,5,26,2.136752137,2.136752137,3,5,39,1.424501425,1.424501425,351,351,1.424501425,0.014245014,3,0,26
19,6/10/1981,Spring,1981,3,0,13,0,0,3,4,13,3.418803419,3.418803419,3,0,13,0,0,3,15,13,12.82051282,12.82051282,3,15,10,16.66666667,16.66666667,3,0,16,0,0,,,,,,3,4,26,1.709401709,1.709401709,3,19,52,4.05982906,4.05982906,468,468,4.05982906,0.040598291,3,19,39
20,5/11/1981,Spring,1981,2.9,0,13,0,0,3,0,13,0,0,2.9,1,13,0.884173298,0.854700855,3,10,13,8.547008547,8.547008547,3,10,10,11.11111111,11.11111111,3,0,16,0,0,,,,,,3,0,26,0,0,2.95,11,52,2.390265102,2.35042735,460.2,468,2.35042735,0.023504274,2.966666667,11,39
21,15/12/1981,Summer,1981,3,0,13,0,0,3,1,13,0.854700855,0.854700855,3,0,13,0,0,3,3,13,2.564102564,2.564102564,3,3,10,3.333333333,3.333333333,3,1,16,0.694444444,0.694444444,,,,,,3,1,26,0.427350427,0.427350427,3,4,52,0.854700855,0.854700855,468,468,0.854700855,0.008547009,3,4,39
22,14/1/1982,Summer,1982,3,2,13,1.709401709,1.709401709,3,2,13,1.709401709,1.709401709,3,1,13,0.854700855,0.854700855,3,3,13,2.564102564,2.564102564,3,1,10,1.111111111,1.111111111,3,3,16,2.083333333,2.083333333,,,,,,3,4,26,1.709401709,1.709401709,3,8,52,1.709401709,1.709401709,468,468,1.709401709,0.017094017,3,6,39
23,9/2/1982,Summer,1982,3,0,13,0,0,3,0,13,0,0,3,1,13,0.854700855,0.854700855,3,1,13,0.854700855,0.854700855,3,1,10,1.111111111,1.111111111,3,1,16,0.694444444,0.694444444,,,,,,3,0,26,0,0,3,2,52,0.427350427,0.427350427,468,468,0.427350427,0.004273504,3,2,39
24,10/3/1982,Autumn,1982,3,1,13,0.854700855,0.854700855,3,4,13,3.418803419,3.418803419,3,3,13,2.564102564,2.564102564,3,2,13,1.709401709,1.709401709,3,1,10,1.111111111,1.111111111,3,4,16,2.777777778,2.777777778,,,,,,3,5,26,2.136752137,2.136752137,3,10,52,2.136752137,2.136752137,468,468,2.136752137,0.021367521,3,9,39
25,19/4/1982,Autumn,1982,3,13,13,11.11111111,11.11111111,3,8,13,6.837606838,6.837606838,3,8,13,6.837606838,6.837606838,3,4,13,3.418803419,3.418803419,3,4,10,4.444444444,4.444444444,3,8,16,5.555555556,5.555555556,,,,,,3,21,26,8.974358974,8.974358974,3,33,52,7.051282051,7.051282051,468,468,7.051282051,0.070512821,3,20,39
26,31/5/1982,Autumn,1982,3,3,13,2.564102564,2.564102564,3,6,13,5.128205128,5.128205128,3,1,13,0.854700855,0.854700855,3,9,13,7.692307692,7.692307692,3,5,10,5.555555556,5.555555556,3,7,16,4.861111111,4.861111111,,,,,,3,9,26,3.846153846,3.846153846,3,19,52,4.05982906,4.05982906,468,468,4.05982906,0.040598291,3,16,39
27,22/6/1982,Winter,1982,3,3,13,2.564102564,2.564102564,3,11,13,9.401709402,9.401709402,3,4,13,3.418803419,3.418803419,3,5,13,4.273504274,4.273504274,3,5,10,5.555555556,5.555555556,3,5,16,3.472222222,3.472222222,,,,,,3,14,26,5.982905983,5.982905983,3,23,52,4.914529915,4.914529915,468,468,4.914529915,0.049145299,3,20,39
28,13/7/1982,Winter,1982,3,7,13,5.982905983,5.982905983,3,2,13,1.709401709,1.709401709,3,2,13,1.709401709,1.709401709,3,2,13,1.709401709,1.709401709,3,4,23,1.93236715,1.93236715,3,0,3,0,0,,,,,,3,9,26,3.846153846,3.846153846,3,13,52,2.777777778,2.777777778,468,468,2.777777778,0.027777778,3,6,39
29,18/8/1982,Winter,1982,3,1,13,0.854700855,0.854700855,3,2,13,1.709401709,1.709401709,3,13,13,11.11111111,11.11111111,3,7,13,5.982905983,5.982905983,3,18,23,8.695652174,8.695652174,3,2,3,7.407407407,7.407407407,,,,,,3,3,26,1.282051282,1.282051282,3,23,52,4.914529915,4.914529915,468,468,4.914529915,0.049145299,3,22,39
30,14/9/1982,Spring,1982,3,0,13,0,0,3,1,13,0.854700855,0.854700855,3,14,13,11.96581197,11.96581197,3,14,13,11.96581197,11.96581197,3,28,23,13.52657005,13.52657005,3,0,3,0,0,,,,,,3,1,26,0.427350427,0.427350427,3,29,52,6.196581197,6.196581197,468,468,6.196581197,0.061965812,3,29,39
31,13/10/1982,Spring,1982,3,0,13,0,0,3,0,13,0,0,3,6,13,5.128205128,5.128205128,3,6,13,5.128205128,5.128205128,3,11,23,5.314009662,5.314009662,3,0,3,0,0,,,,,,3,0,26,0,0,3,12,52,2.564102564,2.564102564,468,468,2.564102564,0.025641026,3,12,39
32,11/11/1982,Spring,1982,3,0,13,0,0,3,0,13,0,0,3,9,13,7.692307692,7.692307692,3,4,13,3.418803419,3.418803419,3,13,23,6.280193237,6.280193237,3,0,3,0,0,,,,,,3,0,26,0,0,3,13,52,2.777777778,2.777777778,468,468,2.777777778,0.027777778,3,13,39
33,7/12/1982,Summer,1982,3,1,13,0.854700855,0.854700855,3,0,13,0,0,3,6,13,5.128205128,5.128205128,3,2,13,1.709401709,1.709401709,3,8,23,3.8647343,3.8647343,3,0,3,0,0,,,,,,3,1,26,0.427350427,0.427350427,3,9,52,1.923076923,1.923076923,468,468,1.923076923,0.019230769,3,8,39
34,11/1/1983,Summer,1983,3,0,13,0,0,3,0,13,0,0,3,1,13,0.854700855,0.854700855,3,0,13,0,0,3,0,23,0,0,3,1,3,3.703703704,3.703703704,,,,,,3,0,26,0,0,3,1,52,0.213675214,0.213675214,468,468,0.213675214,0.002136752,3,1,39
35,10/2/1983,Summer,1983,3,2,13,1.709401709,1.709401709,3,2,13,1.709401709,1.709401709,3,0,13,0,0,3,2,13,1.709401709,1.709401709,3,2,23,0.966183575,0.966183575,3,0,3,0,0,,,,,,3,4,26,1.709401709,1.709401709,3,6,52,1.282051282,1.282051282,468,468,1.282051282,0.012820513,3,4,39
36,9/3/1983,Autumn,1983,3,7,13,5.982905983,5.982905983,3,7,13,5.982905983,5.982905983,3,2,13,1.709401709,1.709401709,3,5,13,4.273504274,4.273504274,3,7,23,3.381642512,3.381642512,3,1,3,3.703703704,3.703703704,,,,,,3,14,26,5.982905983,5.982905983,3,21,52,4.487179487,4.487179487,468,468,4.487179487,0.044871795,3,14,39
37,13/4/1983,Autumn,1983,3,2,13,1.709401709,1.709401709,3,5,13,4.273504274,4.273504274,3,3,13,2.564102564,2.564102564,3,1,13,0.854700855,0.854700855,3,4,23,1.93236715,1.93236715,3,0,3,0,0,,,,,,3,7,26,2.991452991,2.991452991,3,11,52,2.35042735,2.35042735,468,468,2.35042735,0.023504274,3,9,39
38,19/5/1983,Autumn,1983,3,1,13,0.854700855,0.854700855,3,2,13,1.709401709,1.709401709,3,1,13,0.854700855,0.854700855,3,0,13,0,0,3,1,23,0.483091787,0.483091787,3,0,3,0,0,,,,,,3,3,26,1.282051282,1.282051282,3,4,52,0.854700855,0.854700855,468,468,0.854700855,0.008547009,3,3,39
39,20/6/1983,Winter,1983,3,0,13,0,0,3,0,13,0,0,3,0,13,0,0,3,0,13,0,0,3,0,23,0,0,3,0,3,0,0,,,,,,3,0,26,0,0,3,0,52,0,0,468,468,0,0,3,0,39
40,20/7/1983,Winter,1983,3,0,13,0,0,3,0,13,0,0,3,0,13,0,0,3,0,13,0,0,3,0,16,0,0,3,0,10,0,0,,,,,,3,0,26,0,0,3,0,52,0,0,468,468,0,0,3,0,39
41,8/9/1983,Spring,1983,3,0,13,0,0,3,0,13,0,0,3,13,13,11.11111111,11.11111111,3,5,13,4.273504274,4.273504274,3,18,16,12.5,12.5,3,0,10,0,0,,,,,,3,0,26,0,0,3,18,52,3.846153846,3.846153846,468,468,3.846153846,0.038461538,3,18,39
42,5/10/1983,Spring,1983,3,0,13,0,0,3,0,13,0,0,3,11,13,9.401709402,9.401709402,3,4,13,3.418803419,3.418803419,3,15,16,10.41666667,10.41666667,3,0,10,0,0,,,,,,3,0,26,0,0,3,15,52,3.205128205,3.205128205,468,468,3.205128205,0.032051282,3,15,39
42,16/11/1983,Spring,1983,3,0,13,0,0,3,1,13,0.854700855,0.854700855,3,0,13,0,0,3,0,13,0,0,3,0,16,0,0,3,0,10,0,0,,,,,,3,1,26,0.427350427,0.427350427,3,1,52,0.213675214,0.213675214,468,468,0.213675214,0.002136752,3,1,39
44,23/12/1983,Summer,1983,3,1,13,0.854700855,0.854700855,3,0,13,0,0,3,3,13,2.564102564,2.564102564,3,0,13,0,0,3,3,16,2.083333333,2.083333333,3,0,10,0,0,,,,,,3,1,26,0.427350427,0.427350427,3,4,52,0.854700855,0.854700855,468,468,0.854700855,0.008547009,3,3,39
45,18/1/1984,Summer,1984,3,1,13,0.854700855,0.854700855,3,1,13,0.854700855,0.854700855,3,0,13,0,0,3,0,13,0,0,3,0,16,0,0,3,0,10,0,0,,,,,,3,2,26,0.854700855,0.854700855,3,2,52,0.427350427,0.427350427,468,468,0.427350427,0.004273504,3,1,39
46,15/2/1984,Summer,1984,3,7,13,5.982905983,5.982905983,3,6,13,5.128205128,5.128205128,3,0,13,0,0,3,0,13,0,0,3,0,16,0,0,3,0,10,0,0,,,,,,3,13,26,5.555555556,5.555555556,3,13,52,2.777777778,2.777777778,468,468,2.777777778,0.027777778,3,6,39
47,13/3/1984,Autumn,1984,3,26,13,22.22222222,22.22222222,3,19,13,16.23931624,16.23931624,3,11,13,9.401709402,9.401709402,3,22,13,18.8034188,18.8034188,3,17,16,11.80555556,11.80555556,3,16,10,17.77777778,17.77777778,,,,,,3,45,26,19.23076923,19.23076923,3,78,52,16.66666667,16.66666667,468,468,16.66666667,0.166666667,3,52,39
48,17/4/1984,Autumn,1984,3,53,13,45.2991453,45.2991453,3,14,13,11.96581197,11.96581197,3,12,13,10.25641026,10.25641026,,,0,,,3,12,13,10.25641026,10.25641026,,,0,,,,,,,,3,67,26,28.63247863,28.63247863,3,79,39,22.50712251,22.50712251,351,351,22.50712251,0.225071225,3,26,26
49,9/5/1984,Autumn,1984,3,46,13,39.31623932,39.31623932,3,37,13,31.62393162,31.62393162,3,61,13,52.13675214,52.13675214,,,0,,,3,61,13,52.13675214,52.13675214,,,0,,,,,,,,3,83,26,35.47008547,35.47008547,3,144,39,41.02564103,41.02564103,351,351,41.02564103,0.41025641,3,98,26
50,11/6/1984,Winter,1984,3,68,13,58.11965812,58.11965812,3,67,13,57.26495726,57.26495726,3,38,13,32.47863248,32.47863248,,,0,,,3,38,13,32.47863248,32.47863248,,,0,,,,,,,,3,135,26,57.69230769,57.69230769,3,173,39,49.28774929,49.28774929,351,351,49.28774929,0.492877493,3,105,26
51,7/7/1984,Winter,1984,3,48,13,41.02564103,41.02564103,3,54,13,46.15384615,46.15384615,3,76,13,64.95726496,64.95726496,,,0,,,3,13,3,48.14814815,48.14814815,3,63,10,70,70,,,,,,3,102,26,43.58974359,43.58974359,3,178,39,50.71225071,50.71225071,351,351,50.71225071,0.507122507,3,130,26
52,18/8/1984,Winter,1984,3,7,13,5.982905983,5.982905983,3,10,13,8.547008547,8.547008547,3,10,13,8.547008547,8.547008547,,,0,,,3,3,3,11.11111111,11.11111111,3,7,10,7.777777778,7.777777778,,,,,,3,17,26,7.264957265,7.264957265,3,27,39,7.692307692,7.692307692,351,351,7.692307692,0.076923077,3,20,26
53,12/9/1984,Spring,1984,3,0,13,0,0,3,2,13,1.709401709,1.709401709,3,5,13,4.273504274,4.273504274,,,0,,,3,5,3,18.51851852,18.51851852,3,0,10,0,0,,,,,,3,2,26,0.854700855,0.854700855,3,7,39,1.994301994,1.994301994,351,351,1.994301994,0.01994302,3,7,26
54,16/10/1984,Spring,1984,3,0,13,0,0,3,0,13,0,0,3,2,13,1.709401709,1.709401709,,,0,,,3,2,3,7.407407407,7.407407407,3,0,10,0,0,,,,,,3,0,26,0,0,3,2,39,0.56980057,0.56980057,351,351,0.56980057,0.005698006,3,2,26
55,13/11/1984,Spring,1984,3,0,13,0,0,3,0,13,0,0,3,6,13,5.128205128,5.128205128,,,0,,,3,6,3,22.22222222,22.22222222,3,0,10,0,0,,,,,,3,0,26,0,0,3,6,39,1.709401709,1.709401709,351,351,1.709401709,0.017094017,3,6,26
56,15/1/1985,Summer,1985,3,0,13,0,0,3,0,13,0,0,3,0,13,0,0,,,0,,,3,0,3,0,0,3,0,10,0,0,,,,,,3,0,26,0,0,3,0,39,0,0,351,351,0,0,3,0,26
57,20/2/1985,Summer,1985,3,0,13,0,0,3,0,13,0,0,3,0,13,0,0,,,0,,,3,0,3,0,0,3,0,10,0,0,,,,,,3,0,26,0,0,3,0,39,0,0,351,351,0,0,3,0,26
58,26/3/1985,Autumn,1985,3,4,13,3.418803419,3.418803419,3,0,13,0,0,3,5,13,4.273504274,4.273504274,,,0,,,3,2,3,7.407407407,7.407407407,3,0,10,0,0,3,41,16,28.47222222,28.47222222,3,4,26,1.709401709,1.709401709,3,9,39,2.564102564,2.564102564,351,351,2.564102564,0.025641026,3,5,26
57,26/4/1985,Autumn,1985,3,7,13,5.982905983,5.982905983,3,4,13,3.418803419,3.418803419,3,0,13,0,0,,,0,,,3,0,3,0,0,3,3,10,3.333333333,3.333333333,3,42,16,29.16666667,29.16666667,3,11,26,4.700854701,4.700854701,3,11,39,3.133903134,3.133903134,351,351,3.133903134,0.031339031,3,4,26
58,1/6/1985,Winter,1985,3,1,13,0.854700855,0.854700855,3,3,13,2.564102564,2.564102564,3,0,13,0,0,,,0,,,3,0,3,0,0,3,0,10,0,0,3,44,16,30.55555556,30.55555556,3,4,26,1.709401709,1.709401709,3,4,39,1.13960114,1.13960114,351,351,1.13960114,0.011396011,3,3,26
59,29/6/1985,Winter,1985,3,0,13,0,0,3,0,13,0,0,3,0,13,0,0,,,0,,,3,0,3,0,0,3,0,10,0,0,3,25,16,17.36111111,17.36111111,3,0,26,0,0,3,0,39,0,0,351,351,0,0,3,0,26
60,27/7/1985,Winter,1985,3,2,13,1.709401709,1.709401709,3,2,13,1.709401709,1.709401709,3,0,13,0,0,,,0,,,,,0,,,3,0,13,0,0,3,26,16,18.05555556,18.05555556,3,4,26,1.709401709,1.709401709,3,4,39,1.13960114,1.13960114,351,351,1.13960114,0.011396011,3,2,26
61,20/8/1985,Winter,1985,3,3,13,2.564102564,2.564102564,3,0,13,0,0,3,0,13,0,0,,,0,,,,,0,,,3,0,13,0,0,3,20,16,13.88888889,13.88888889,3,3,26,1.282051282,1.282051282,3,3,39,0.854700855,0.854700855,351,351,0.854700855,0.008547009,3,0,26
62,21/9/1985,Spring,1985,3,2,13,1.709401709,1.709401709,3,0,13,0,0,3,0,13,0,0,,,0,,,1,8,36,7.407407407,2.469135802,3,0,13,0,0,3,12,16,8.333333333,8.333333333,3,2,26,0.854700855,0.854700855,3,2,39,0.56980057,0.56980057,351,351,0.56980057,0.005698006,3,0,26
63,19/10/1985,Spring,1985,3,0,13,0,0,3,0,13,0,0,3,0,13,0,0,,,0,,,1,1,36,0.925925926,0.308641975,3,0,13,0,0,3,7,16,4.861111111,4.861111111,3,0,26,0,0,3,0,39,0,0,351,351,0,0,3,0,26
64,3/12/1985,Summer,1985,3,0,13,0,0,3,0,13,0,0,3,0,13,0,0,1,0,40,0,0,1,0,40,0,0,3,0,13,0,0,,,,,,3,0,26,0,0,2.5,0,79,0,0,592.5,711,0,0,2.333333333,0,66
65,12/1/1986,Summer,1986,3,2,13,1.709401709,1.709401709,3,0,13,0,0,3,0,13,0,0,,,0,,,,,0,,,3,0,13,0,0,3,6,16,4.166666667,4.166666667,3,2,26,0.854700855,0.854700855,3,2,39,0.56980057,0.56980057,351,351,0.56980057,0.005698006,3,0,26
68,25/2/1986,Summer,1986,3,1,13,0.854700855,0.854700855,3,0,13,0,0,3,0,13,0,0,,,0,,,,,0,,,3,0,13,0,0,3,24,16,16.66666667,16.66666667,3,1,26,0.427350427,0.427350427,3,1,39,0.284900285,0.284900285,351,351,0.284900285,0.002849003,3,0,26
69,2/4/1986,Autumn,1986,3,3,13,2.564102564,2.564102564,3,1,13,0.854700855,0.854700855,3,0,13,0,0,,,0,,,,,0,,,3,0,13,0,0,3,28,16,19.44444444,19.44444444,3,4,26,1.709401709,1.709401709,3,4,39,1.13960114,1.13960114,351,351,1.13960114,0.011396011,3,1,26
70,14/5/1986,Autumn,1986,2,9,13,11.53846154,7.692307692,2,4,13,5.128205128,3.418803419,2,0,13,0,0,,,0,,,,,0,,,2,0,13,0,0,3,55,16,38.19444444,38.19444444,2,13,26,8.333333333,5.555555556,2,13,39,5.555555556,3.703703704,234,351,3.703703704,0.037037037,2,4,26
71,13/6/1986,Winter,1986,2,8,13,10.25641026,6.837606838,2,3,13,3.846153846,2.564102564,2,2,13,2.564102564,1.709401709,,,0,,,,,0,,,2,2,13,2.564102564,1.709401709,3,46,16,31.94444444,31.94444444,2,11,26,7.051282051,4.700854701,2,13,39,5.555555556,3.703703704,234,351,3.703703704,0.037037037,2,5,26
72,25/7/1986,Winter,1986,2,3,13,3.846153846,2.564102564,2,3,13,3.846153846,2.564102564,2,0,13,0,0,,,0,,,2,0,10,0,0,2,0,3,0,0,3,25,16,17.36111111,17.36111111,2,6,26,3.846153846,2.564102564,2,6,39,2.564102564,1.709401709,234,351,1.709401709,0.017094017,2,3,26
73,28/8/1986,Winter,1986,2,0,13,0,0,2,0,13,0,0,2,0,13,0,0,,,0,,,2,0,10,0,0,2,0,3,0,0,3,13,16,9.027777778,9.027777778,2,0,26,0,0,2,0,39,0,0,234,351,0,0,2,0,26
74,19/9/1986,Spring,1986,2,0,13,0,0,2,0,13,0,0,2,1,13,1.282051282,0.854700855,,,0,,,2,1,10,1.666666667,1.111111111,2,0,3,0,0,3,10,16,6.944444444,6.944444444,2,0,26,0,0,2,1,39,0.427350427,0.284900285,234,351,0.284900285,0.002849003,2,1,26
75,17/10/1986,Spring,1986,2,1,13,1.282051282,0.854700855,2,0,13,0,0,2,2,13,2.564102564,1.709401709,,,0,,,2,2,10,3.333333333,2.222222222,2,0,3,0,0,3,17,16,11.80555556,11.80555556,2,1,26,0.641025641,0.427350427,2,3,39,1.282051282,0.854700855,234,351,0.854700855,0.008547009,2,2,26
76,28/11/1986,Spring,1986,2,1,13,1.282051282,0.854700855,2,0,13,0,0,2,9,13,11.53846154,7.692307692,,,0,,,2,9,10,15,10,2,0,3,0,0,3,21,16,14.58333333,14.58333333,2,1,26,0.641025641,0.427350427,2,10,39,4.273504274,2.849002849,234,351,2.849002849,0.028490028,2,9,26
77,27/1/1987,Summer,1987,2,3,13,3.846153846,2.564102564,2,1,13,1.282051282,0.854700855,2,0,13,0,0,,,0,,,2,0,10,0,0,2,0,3,0,0,3,42,16,29.16666667,29.16666667,2,4,26,2.564102564,1.709401709,2,4,39,1.709401709,1.13960114,234,351,1.13960114,0.011396011,2,1,26
78,10/3/1987,Autumn,1987,1,5,13,12.82051282,4.273504274,1,5,13,12.82051282,4.273504274,1,6,13,15.38461538,5.128205128,,,0,,,1,6,10,20,6.666666667,1,0,3,0,0,2,91,26,58.33333333,38.88888889,1,10,26,12.82051282,4.273504274,1,16,39,13.67521368,4.558404558,117,351,4.558404558,0.045584046,1,11,26
79,21/4/1987,Autumn,1987,1,11,13,28.20512821,9.401709402,1,0,13,0,0,1,4,13,10.25641026,3.418803419,,,0,,,1,2,10,6.666666667,2.222222222,1,2,3,22.22222222,7.407407407,2,53,26,33.97435897,22.64957265,1,11,26,14.1025641,4.700854701,1,15,39,12.82051282,4.273504274,117,351,4.273504274,0.042735043,1,4,26
80,27/5/1987,Autumn,1987,1,5,13,12.82051282,4.273504274,1,1,13,2.564102564,0.854700855,1,0,13,0,0,,,0,,,1,0,10,0,0,1,0,3,0,0,2,43,26,27.56410256,18.37606838,1,6,26,7.692307692,2.564102564,1,6,39,5.128205128,1.709401709,117,351,1.709401709,0.017094017,1,1,26
81,7/7/1987,Winter,1987,1,0,13,0,0,1,5,13,12.82051282,4.273504274,1,0,13,0,0,,,0,,,1,0,13,6.666666667,0,1,,0,,,2,64,26,41.02564103,27.35042735,1,5,26,6.41025641,2.136752137,1,5,39,4.273504274,1.424501425,117,351,1.424501425,0.014245014,1,5,26
82,19/8/1987,Winter,1987,1,0,13,0,0,1,6,13,15.38461538,5.128205128,1,2,13,5.128205128,1.709401709,,,0,,,1,2,13,17.94871795,1.709401709,1,,0,,,2,31,26,19.87179487,13.24786325,1,6,26,7.692307692,2.564102564,1,8,39,6.837606838,2.279202279,117,351,2.279202279,0.022792023,1,8,26
83,30/9/1987,Spring,1987,1,0,13,0,0,1,1,13,2.564102564,0.854700855,1,7,13,17.94871795,5.982905983,,,0,,,1,7,13,17.94871795,5.982905983,1,,0,,,2,10,26,6.41025641,4.273504274,1,1,26,1.282051282,0.427350427,1,8,39,6.837606838,2.279202279,117,351,2.279202279,0.022792023,1,8,26
84,10/11/1987,Spring,1987,1,3,13,7.692307692,2.564102564,1,0,13,0,0,1,11,13,28.20512821,9.401709402,,,0,,,1,11,13,28.20512821,9.401709402,1,,0,,,2,22,26,14.1025641,9.401709402,1,3,26,3.846153846,1.282051282,1,14,39,11.96581197,3.988603989,117,351,3.988603989,0.03988604,1,11,26
85,22/12/1987,Summer,1987,1,0,13,0,0,1,0,13,0,0,1,7,13,17.94871795,5.982905983,,,0,,,1,7,13,17.94871795,5.982905983,1,,0,,,2,49,26,31.41025641,20.94017094,1,0,26,0,0,1,7,39,5.982905983,1.994301994,117,351,1.994301994,0.01994302,1,7,26
86,3/2/1988,Summer,1988,1,2,11,6.060606061,2.02020202,1,1,10,3.333333333,1.111111111,1,2,13,5.128205128,1.709401709,,,0,,,1,2,13,5.128205128,1.709401709,1,,0,,,2,40,26,25.64102564,17.09401709,1,3,26,3.846153846,1.282051282,1,5,34,4.901960784,1.633986928,102,306,1.633986928,0.016339869,1,3,23
87,15/3/1988,Autumn,1988,1,2,12,5.555555556,1.851851852,1,7,13,17.94871795,5.982905983,1,10,13,25.64102564,8.547008547,,,0,,,1,10,13,25.64102564,8.547008547,1,,0,,,2,64,26,41.02564103,27.35042735,1,9,26,11.53846154,3.846153846,1,19,38,16.66666667,5.555555556,114,342,5.555555556,0.055555556,1,17,26
88,27/4/1988,Autumn,1988,1,9,8,37.5,12.5,1,7,12,19.44444444,6.481481481,1,3,13,7.692307692,2.564102564,,,0,,,1,3,13,7.692307692,2.564102564,1,,0,,,2,69,26,44.23076923,29.48717949,1,16,26,20.51282051,6.837606838,1,19,33,19.19191919,6.397306397,99,297,6.397306397,0.063973064,1,10,25
89,5/6/1988,Winter,1988,1,7,13,17.94871795,5.982905983,1,29,13,74.35897436,24.78632479,1,12,10,40,13.33333333,,,0,,,1,12,10,30.76923077,13.33333333,1,,0,,,2,98,26,62.82051282,41.88034188,1,36,26,46.15384615,15.38461538,1,48,36,44.44444444,14.81481481,108,324,14.81481481,0.148148148,1,41,23
90,18/7/1988,Winter,1988,1,1,11,3.03030303,1.01010101,1,6,13,15.38461538,5.128205128,1,0,9,0,0,,,0,,,1,0,2,0,0,1,0,7,0,0,2,55,26,35.25641026,23.5042735,1,7,26,8.974358974,2.991452991,1,7,33,7.070707071,2.356902357,99,297,2.356902357,0.023569024,1,6,22
91,30/8/1988,Winter,1988,1,0,11,0,0,1,1,13,2.564102564,0.854700855,1,0,11,0,0,,,0,,,1,0,2,0,0,1,0,9,0,0,2,11,26,7.051282051,4.700854701,1,1,26,1.282051282,0.427350427,1,1,35,0.952380952,0.317460317,105,315,0.317460317,0.003174603,1,1,24
92,12/10/1988,Spring,1988,1,0,11,0,0,1,0,11,0,0,1,0,10,0,0,,,0,,,1,0,3,0,0,1,0,7,0,0,2,7,26,4.487179487,2.991452991,1,0,26,0,0,1,0,32,0,0,96,288,0,0,1,0,21
93,23/11/1988,Spring,1988,1,0,12,0,0,1,0,13,0,0,1,3,13,7.692307692,2.564102564,,,0,,,1,3,3,33.33333333,11.11111111,1,0,10,0,0,,,,,,1,0,26,0,0,1,3,38,2.631578947,0.877192982,114,342,0.877192982,0.00877193,1,3,26
94,20/12/1988,Summer,1988,1,0,13,0,0,1,0,13,0,0,1,0,13,0,0,,,0,,,1,0,3,0,0,1,0,10,0,0,,,,,,1,0,26,0,0,1,0,39,0,0,117,351,0,0,1,0,26
95,15/2/1989,Summer,1989,1,0,13,0,0,1,1,13,2.564102564,0.854700855,1,0,13,0,0,,,0,,,1,0,3,0,0,1,0,10,0,0,,,,,,1,1,26,1.282051282,0.427350427,1,1,39,0.854700855,0.284900285,117,351,0.284900285,0.002849003,1,1,26
96,29/3/1989,Autumn,1989,1,0,13,0,0,1,1,13,2.564102564,0.854700855,1,0,13,0,0,,,0,,,1,0,3,0,0,1,0,10,0,0,,,,,,1,1,26,1.282051282,0.427350427,1,1,39,0.854700855,0.284900285,117,351,0.284900285,0.002849003,1,1,26
97,17/5/1989,Autumn,1989,1,6,13,15.38461538,5.128205128,1,1,13,2.564102564,0.854700855,1,1,13,2.564102564,0.854700855,,,0,,,1,0,3,11.11111111,0,1,1,10,0,1.111111111,,,,,,1,7,26,8.974358974,2.991452991,1,8,39,6.837606838,2.279202279,117,351,2.279202279,0.022792023,1,2,26
98,21/6/1989,Winter,1989,1,0,13,0,0,1,2,13,5.128205128,1.709401709,1,1,13,2.564102564,0.854700855,,,0,,,1,0,3,11.11111111,0,1,1,10,0,1.111111111,,,,,,1,2,26,2.564102564,0.854700855,1,3,39,2.564102564,0.854700855,117,351,0.854700855,0.008547009,1,3,26
99,2/8/1989,Winter,1989,1,1,13,2.564102564,0.854700855,1,1,13,2.564102564,0.854700855,1,1,13,2.564102564,0.854700855,1,1,11,3.03030303,1.01010101,1,1,11,3.03030303,1.01010101,1,1,13,2.564102564,0.854700855,,,,,,1,2,26,2.564102564,0.854700855,1,4,50,2.666666667,0.888888889,150,450,0.888888889,0.008888889,1,3,37
100,5/9/1989,Spring,1989,1,0,13,0,0,1,1,13,2.564102564,0.854700855,1,0,13,0,0,1,0,11,0,0,1,0,11,0,0,1,0,13,0,0,,,,,,1,1,26,1.282051282,0.427350427,1,1,50,0.666666667,0.222222222,150,450,0.222222222,0.002222222,1,1,37
101,25/10/1989,Spring,1989,1,0,13,0,0,1,0,13,0,0,1,0,13,0,0,1,4,11,12.12121212,4.04040404,1,4,11,12.12121212,4.04040404,1,0,13,0,0,,,,,,1,0,26,0,0,1,4,50,2.666666667,0.888888889,150,450,0.888888889,0.008888889,1,4,37
102,16/1/1990,Summer,1990,1,0,13,0,0,1,0,13,0,0,1,0,13,0,0,1,1,11,3.03030303,1.01010101,1,1,11,3.03030303,1.01010101,1,0,13,0,0,,,,,,1,0,26,0,0,1,1,50,0.666666667,0.222222222,150,450,0.222222222,0.002222222,1,1,37
103,27/2/1990,Summer,1990,1,1,13,2.564102564,0.854700855,1,5,13,12.82051282,4.273504274,1,8,13,20.51282051,6.837606838,1,0,11,0,0,1,0,11,0,0,1,8,13,20.51282051,6.837606838,,,,,,1,6,26,7.692307692,2.564102564,1,14,50,9.333333333,3.111111111,150,450,3.111111111,0.031111111,1,13,37
104,10/4/1990,Autumn,1990,1,0,13,0,0,1,0,13,0,0,1,0,13,0,0,1,0,11,0,0,1,0,11,0,0,1,0,13,0,0,,,,,,1,0,26,0,0,1,0,50,0,0,150,450,0,0,1,0,37
105,15/5/1990,Autumn,1990,1,16,13,41.02564103,13.67521368,1,3,13,7.692307692,2.564102564,1,0,13,0,0,1,2,11,6.060606061,2.02020202,1,2,11,6.060606061,2.02020202,1,0,13,0,0,,,,,,1,19,26,24.35897436,8.11965812,1,21,50,14,4.666666667,150,450,4.666666667,0.046666667,1,5,37
106,10/7/1990,Winter,1990,1,11,13,28.20512821,9.401709402,1,3,13,7.692307692,2.564102564,1,0,13,0,0,1,6,11,18.18181818,6.060606061,1,0,13,0,0,1,6,11,18.18181818,6.060606061,,,,,,1,14,26,17.94871795,5.982905983,1,20,50,13.33333333,4.444444444,150,450,4.444444444,0.044444444,1,9,37
107,21/8/1990,Winter,1990,1,1,13,2.564102564,0.854700855,1,6,13,15.38461538,5.128205128,1,1,13,2.564102564,0.854700855,,,0,,,1,1,13,2.564102564,0.854700855,,,0,,,,,,,,1,7,26,8.974358974,2.991452991,1,8,39,6.837606838,2.279202279,117,351,2.279202279,0.022792023,1,7,26
108,12/12/1990,Summer,1990,1,0,13,0,0,1,0,13,0,0,1,3,13,7.692307692,2.564102564,,,0,,,1,3,13,7.692307692,2.564102564,,,0,,,,,,,,1,0,26,0,0,1,3,39,2.564102564,0.854700855,117,351,0.854700855,0.008547009,1,3,26
109,6/2/1991,Summer,1991,1,3,13,7.692307692,2.564102564,1,0,13,0,0,1,1,13,2.564102564,0.854700855,,,0,,,1,1,13,2.564102564,0.854700855,,,0,,,,,,,,1,3,26,3.846153846,1.282051282,1,4,39,3.418803419,1.13960114,117,351,1.13960114,0.011396011,1,1,26
110,4/4/1991,Autumn,1991,1,0,13,0,0,1,0,13,0,0,1,2,13,5.128205128,1.709401709,,,0,,,1,2,13,5.128205128,1.709401709,,,0,,,,,,,,1,0,26,0,0,1,2,39,1.709401709,0.56980057,117,351,0.56980057,0.005698006,1,2,26
111,15/5/1991,Autumn,1991,1,2,13,5.128205128,1.709401709,1,4,13,10.25641026,3.418803419,1,1,13,2.564102564,0.854700855,1,2,11,6.060606061,2.02020202,1,1,13,2.564102564,0.854700855,1,2,11,6.060606061,2.02020202,,,,,,1,6,26,7.692307692,2.564102564,1,9,50,6,2,150,450,2,0.02,1,7,37
112,25/6/1991,Winter,1991,1,1,13,2.564102564,0.854700855,1,5,13,12.82051282,4.273504274,1,4,13,10.25641026,3.418803419,1,0,11,0,0,1,4,13,10.25641026,3.418803419,1,0,11,0,0,,,,,,1,6,26,7.692307692,2.564102564,1,10,50,6.666666667,2.222222222,150,450,2.222222222,0.022222222,1,9,37
113,14/8/1991,Winter,1991,1,0,13,0,0,1,2,13,5.128205128,1.709401709,1,0,13,0,0,,,0,,,1,0,3,0,0,1,0,10,0,0,,,,,,1,2,26,2.564102564,0.854700855,1,2,39,1.709401709,0.56980057,117,351,0.56980057,0.005698006,1,2,26
114,26/9/1991,Spring,1991,1,2,13,5.128205128,1.709401709,1,0,13,0,0,1,0,13,0,0,,,0,,,1,0,3,0,0,1,0,10,0,0,,,,,,1,2,26,2.564102564,0.854700855,1,2,39,1.709401709,0.56980057,117,351,0.56980057,0.005698006,1,0,26
115,5/2/1992,Summer,1992,1,3,13,7.692307692,2.564102564,1,1,13,2.564102564,0.854700855,1,0,13,0,0,,,0,,,1,0,3,0,0,1,0,10,0,0,,,,,,1,4,26,5.128205128,1.709401709,1,4,39,3.418803419,1.13960114,117,351,1.13960114,0.011396011,1,1,26
116,11/3/1992,Autumn,1992,1,5,13,12.82051282,4.273504274,1,1,13,2.564102564,0.854700855,1,2,13,5.128205128,1.709401709,,,0,,,1,0,3,0,0,1,2,10,6.666666667,2.222222222,,,,,,1,6,26,7.692307692,2.564102564,1,8,39,6.837606838,2.279202279,117,351,2.279202279,0.022792023,1,3,26
117,22/4/1992,Autumn,1992,1,10,13,25.64102564,8.547008547,1,1,13,2.564102564,0.854700855,1,0,13,0,0,1,1,11,3.03030303,1.01010101,1,0,3,0,0,1,1,21,1.587301587,0.529100529,,,,,,1,11,26,14.1025641,4.700854701,1,12,50,8,2.666666667,150,450,2.666666667,0.026666667,1,2,37
118,3/6/1992,Winter,1992,1,4,13,10.25641026,3.418803419,1,1,13,2.564102564,0.854700855,1,0,13,0,0,1,1,11,3.03030303,1.01010101,1,0,3,0,0,1,1,21,1.587301587,0.529100529,,,,,,1,5,26,6.41025641,2.136752137,1,6,50,4,1.333333333,150,450,1.333333333,0.013333333,1,2,37
119,29/7/1992,Winter,1992,1,1,13,2.564102564,0.854700855,1,0,13,0,0,1,0,13,0,0,1,1,11,3.03030303,1.01010101,1,1,11,3.03030303,1.01010101,1,0,13,0,0,,,,,,1,1,26,1.282051282,0.427350427,1,2,50,1.333333333,0.444444444,150,450,0.444444444,0.004444444,1,1,37
120,9/9/1992,Spring,1992,1,1,13,2.564102564,0.854700855,1,2,13,5.128205128,1.709401709,1,0,13,0,0,1,8,11,24.24242424,8.080808081,1,8,11,24.24242424,8.080808081,1,0,13,0,0,,,,,,1,3,26,3.846153846,1.282051282,1,11,50,7.333333333,2.444444444,150,450,2.444444444,0.024444444,1,10,37
121,4/11/1992,Spring,1992,1,0,13,0,0,1,0,13,0,0,1,0,13,0,0,1,7,11,21.21212121,7.070707071,1,7,11,21.21212121,7.070707071,1,0,13,0,0,,,,,,1,0,26,0,0,1,7,50,4.666666667,1.555555556,150,450,1.555555556,0.015555556,1,7,37
122,22/12/1992,Summer,1992,1,0,13,0,0,1,0,13,0,0,1,0,13,0,0,1,12,11,36.36363636,12.12121212,1,12,11,36.36363636,12.12121212,1,0,13,0,0,,,,,,1,0,26,0,0,1,12,50,8,2.666666667,150,450,2.666666667,0.026666667,1,12,37
123,3/2/1993,Summer,1993,3,6,13,5.128205128,5.128205128,3,4,13,3.418803419,3.418803419,3,0,13,0,0,3,21,11,21.21212121,21.21212121,3,21,11,21.21212121,21.21212121,3,0,13,0,0,,,,,,3,10,26,4.273504274,4.273504274,3,31,50,6.888888889,6.888888889,450,450,6.888888889,0.068888889,3,25,37
124,5/3/1993,Autumn,1993,3,25,13,21.36752137,21.36752137,3,31,13,26.4957265,26.4957265,3,44,13,37.60683761,37.60683761,3,32,11,32.32323232,32.32323232,3,32,11,32.32323232,32.32323232,3,44,13,37.60683761,37.60683761,,,,,,3,56,26,23.93162393,23.93162393,3,132,50,29.33333333,29.33333333,450,450,29.33333333,0.293333333,3,107,37
125,5/5/1993,Autumn,1993,3,48,13,41.02564103,41.02564103,3,54,13,46.15384615,46.15384615,3,48,13,41.02564103,41.02564103,3,50,11,50.50505051,50.50505051,3,50,11,50.50505051,50.50505051,3,48,13,41.02564103,41.02564103,,,,,,3,102,26,43.58974359,43.58974359,3,200,50,44.44444444,44.44444444,450,450,44.44444444,0.444444444,3,152,37
126,16/6/1993,Winter,1993,3,123,13,105.1282051,105.1282051,3,125,13,106.8376068,106.8376068,3,66,13,56.41025641,56.41025641,3,112,11,113.1313131,113.1313131,3,112,11,113.1313131,113.1313131,3,66,13,56.41025641,56.41025641,,,,,,3,248,26,105.982906,105.982906,3,426,50,94.66666667,94.66666667,450,450,94.66666667,0.946666667,3,303,37
127,28/7/1993,Winter,1993,3,59,13,50.42735043,50.42735043,3,60,13,51.28205128,51.28205128,3,87,13,74.35897436,74.35897436,3,102,11,103.030303,103.030303,3,70,10,77.77777778,77.77777778,3,119,14,94.44444444,94.44444444,,,,,,3,119,26,50.85470085,50.85470085,3,308,50,68.44444444,68.44444444,450,450,68.44444444,0.684444444,3,249,37
128,25/8/1993,Winter,1993,3,41,13,35.04273504,35.04273504,3,87,13,74.35897436,74.35897436,3,106,13,90.5982906,90.5982906,3,54,11,54.54545455,54.54545455,3,79,10,87.77777778,87.77777778,3,81,14,64.28571429,64.28571429,,,,,,3,128,26,54.7008547,54.7008547,3,288,50,64,64,450,450,64,0.64,3,247,37
129,15/9/1993,Spring,1993,3,13,13,11.11111111,11.11111111,3,0,13,0,0,3,5,13,4.273504274,4.273504274,3,0,11,0,0,3,5,10,5.555555556,5.555555556,3,0,14,0,0,,,,,,3,13,26,5.555555556,5.555555556,3,18,50,4,4,450,450,4,0.04,3,5,37
130,15/10/1993,Spring,1993,1,4,13,10.25641026,3.418803419,1,1,13,2.564102564,0.854700855,1,0,13,0,0,1,0,11,0,0,3,0,10,0,0,3,0,14,0,0,,,,,,1,5,26,6.41025641,2.136752137,1,5,50,3.333333333,1.111111111,150,450,1.111111111,0.011111111,1,1,37
131,11/11/1993,Spring,1993,1,0,13,0,0,1,0,13,0,0,1,1,13,2.564102564,0.854700855,1,0,11,0,0,1,1,10,3.333333333,1.111111111,1,0,14,0,0,,,,,,1,0,26,0,0,1,1,50,0.666666667,0.222222222,150,450,0.222222222,0.002222222,1,1,37
132,30/12/1993,Summer,1993,1,6,13,15.38461538,5.128205128,1,0,13,0,0,1,0,13,0,0,1,1,11,3.03030303,1.01010101,1,0,10,0,0,1,1,14,2.380952381,0.793650794,,,,,,1,6,26,7.692307692,2.564102564,1,7,50,4.666666667,1.555555556,150,450,1.555555556,0.015555556,1,1,37
133,16/2/1994,Summer,1994,1,5,13,12.82051282,4.273504274,1,1,13,2.564102564,0.854700855,1,2,13,5.128205128,1.709401709,1,1,11,3.03030303,1.01010101,1,2,10,6.666666667,2.222222222,1,1,14,2.380952381,0.793650794,,,,,,1,6,26,7.692307692,2.564102564,1,9,50,6,2,150,450,2,0.02,1,4,37
134,23/3/1994,Autumn,1994,1,10,13,25.64102564,8.547008547,1,0,13,0,0,1,0,13,0,0,1,1,11,3.03030303,1.01010101,1,0,10,0,0,1,1,14,2.380952381,0.793650794,,,,,,1,10,26,12.82051282,4.273504274,1,11,50,7.333333333,2.444444444,150,450,2.444444444,0.024444444,1,1,37
135,4/5/1994,Autumn,1994,1,8,13,20.51282051,6.837606838,1,0,13,0,0,1,2,13,5.128205128,1.709401709,1,1,11,3.03030303,1.01010101,1,2,10,6.666666667,2.222222222,1,1,14,2.380952381,0.793650794,,,,,,1,8,26,10.25641026,3.418803419,1,11,50,7.333333333,2.444444444,150,450,2.444444444,0.024444444,1,3,37
136,15/6/1994,Winter,1994,1,8,13,20.51282051,6.837606838,1,4,13,10.25641026,3.418803419,1,2,13,5.128205128,1.709401709,1,4,11,12.12121212,4.04040404,1,1,10,3.333333333,1.111111111,1,5,14,11.9047619,3.968253968,,,,,,1,12,26,15.38461538,5.128205128,1,18,50,12,4,150,450,4,0.04,1,10,37
137,9/8/1994,Winter,1994,1,2,13,5.128205128,1.709401709,1,10,13,25.64102564,8.547008547,1,0,13,0,0,1,5,9,18.51851852,6.172839506,1,5,12,13.88888889,4.62962963,1,0,10,0,0,,,,,,1,12,26,15.38461538,5.128205128,1,17,48,11.80555556,3.935185185,144,432,3.935185185,0.039351852,1,15,35
138,20/9/1994,Spring,1994,1,0,11,0,0,1,0,13,0,0,1,6,10,20,6.666666667,1,0,8,0,0,1,6,10,20,6.666666667,1,0,8,0,0,,,,,,1,0,26,0,0,1,6,42,4.761904762,1.587301587,126,378,1.587301587,0.015873016,1,6,31
139,8/11/1994,Spring,1994,1,0,9,0,0,1,0,13,0,0,1,0,13,0,0,1,6,10,20,6.666666667,1,6,13,15.38461538,5.128205128,1,0,10,0,0,,,,,,1,0,26,0,0,1,6,45,4.444444444,1.481481481,135,405,1.481481481,0.014814815,1,6,36
140,20/12/1994,Summer,1994,1,0,10,0,0,1,1,13,2.564102564,0.854700855,1,0,13,0,0,1,1,10,3.333333333,1.111111111,1,1,13,2.564102564,0.854700855,1,0,10,0,0,,,,,,1,1,26,1.282051282,0.427350427,1,2,46,1.449275362,0.483091787,138,414,0.483091787,0.004830918,1,2,36
141,24/1/1995,Summer,1995,1,1,12,2.777777778,0.925925926,1,1,13,2.564102564,0.854700855,1,1,12,2.777777778,0.925925926,1,4,10,13.33333333,4.444444444,1,7,13,17.94871795,5.982905983,1,0,9,0,0,,,,,,1,2,26,2.564102564,0.854700855,1,7,47,4.964539007,1.654846336,141,423,1.654846336,0.016548463,1,6,35
142,8/3/1995,Autumn,1995,1,0,13,0,0,1,0,13,0,0,1,0,13,0,0,1,2,10,20,6.666666667,1,2,13,15.38461538,1.709401709,1,0,10,0,0,,,,,,1,0,26,0,0,1,2,49,1.360544218,0.453514739,147,441,0.453514739,0.004535147,1,2,36
143,26/4/1995,Autumn,1995,1,5,13,12.82051282,4.273504274,1,2,13,5.128205128,1.709401709,1,0,13,0,0,1,3,10,10,3.333333333,1,3,13,7.692307692,2.564102564,1,0,10,0,0,,,,,,1,7,26,8.974358974,2.991452991,1,10,49,6.802721088,2.267573696,147,441,2.267573696,0.022675737,1,5,36
144,6/6/1995,Winter,1995,1,2,13,5.128205128,1.709401709,1,3,13,7.692307692,2.564102564,1,1,13,2.564102564,0.854700855,1,4,10,13.33333333,4.444444444,1,4,13,10.25641026,3.418803419,1,1,10,3.333333333,1.111111111,,,,,,1,5,26,6.41025641,2.136752137,1,10,49,6.802721088,2.267573696,147,441,2.267573696,0.022675737,1,8,36
145,12/7/1995,Winter,1995,1,0,13,0,0,1,0,13,0,0,1,0,13,0,0,1,0,10,0,0,1,0,3,0,0,1,0,26,0,0,,,,,,1,0,26,0,0,1,0,49,0,0,147,441,0,0,1,0,36
146,29/8/1995,Winter,1995,1,0,13,0,0,1,0,13,0,0,1,0,13,0,0,1,0,10,0,0,1,0,3,0,0,1,0,26,0,0,,,,,,1,0,26,0,0,1,0,49,0,0,147,441,0,0,1,0,36
147,17/10/1995,Spring,1995,1,0,13,0,0,1,1,13,2.564102564,0.854700855,1,0,13,0,0,1,1,10,3.333333333,1.111111111,1,0,3,0,0,1,1,26,1.282051282,0.427350427,,,,,,1,1,26,1.282051282,0.427350427,1,2,49,1.360544218,0.453514739,147,441,0.453514739,0.004535147,1,2,36
148,22/11/1995,Spring,1995,1,0,13,0,0,1,0,13,0,0,1,3,13,7.692307692,2.564102564,1,1,10,3.333333333,1.111111111,1,0,3,0,0,1,4,26,5.128205128,1.709401709,,,,,,1,0,26,0,0,1,4,49,2.721088435,0.907029478,147,441,0.907029478,0.009070295,1,4,36
149,18/12/1995,Summer,1995,1,1,13,2.564102564,0.854700855,1,0,13,0,0,1,1,13,2.564102564,0.854700855,1,1,10,3.333333333,1.111111111,1,0,3,0,0,1,2,26,2.564102564,0.854700855,,,,,,1,1,26,1.282051282,0.427350427,1,3,49,2.040816327,0.680272109,147,441,0.680272109,0.006802721,1,2,36
150,19/3/1996,Autumn,1996,1,12,13,30.76923077,10.25641026,1,9,13,23.07692308,7.692307692,1,5,13,12.82051282,4.273504274,1,1,13,2.564102564,0.854700855,1,2,3,22.22222222,7.407407407,1,4,23,5.797101449,1.93236715,,,0,,,1,21,26,26.92307692,8.974358974,1,27,52,17.30769231,5.769230769,156,468,5.769230769,0.057692308,1,15,39
151,30/4/1996,Autumn,1996,1,13,9,48.14814815,16.04938272,1,7,9,25.92592593,8.641975309,1,1,6,5.555555556,1.851851852,1,1,6,5.555555556,1.851851852,1,0,2,0,0,1,2,10,6.666666667,2.222222222,,,0,,,2,20,18,18.51851852,12.34567901,1,22,30,24.44444444,8.148148148,90,270,8.148148148,0.081481481,1,9,21
152,18/6/1996,Winter,1996,2,45,13,57.69230769,38.46153846,2,38,13,48.71794872,32.47863248,2,14,13,17.94871795,11.96581197,2,23,13,29.48717949,19.65811966,2,4,3,22.22222222,14.81481481,2,33,23,23.91304348,15.94202899,,,0,,,2,83,26,53.20512821,35.47008547,2,120,52,38.46153846,25.64102564,312,468,25.64102564,0.256410256,2,75,39
153,8/8/1996,Winter,1996,2,23,10,38.33333333,25.55555556,2,26,13,33.33333333,22.22222222,2,14,12,19.44444444,12.96296296,2,11,9,20.37037037,13.58024691,2,14,9,25.92592593,17.28395062,2,11,16,11.45833333,7.638888889,,,0,,,2,49,23,35.50724638,23.67149758,2,74,44,28.03030303,18.68686869,264,396,18.68686869,0.186868687,2,51,34
154,2/10/1996,Spring,1996,1,5,11,15.15151515,5.050505051,1,3,13,7.692307692,2.564102564,1,2,13,5.128205128,1.709401709,1,0,13,0,0,1,2,10,6.666666667,2.222222222,1,0,16,0,0,,,0,,,1,8,24,11.11111111,3.703703704,1,10,50,6.666666667,2.222222222,150,450,2.222222222,0.022222222,1,5,39
155,11/12/1996,Summer,1996,1,2,13,5.128205128,1.709401709,1,1,13,2.564102564,0.854700855,1,11,13,28.20512821,9.401709402,1,0,13,0,0,1,9,10,30,10,1,2,16,4.166666667,1.388888889,,,0,,,1,3,26,3.846153846,1.282051282,1,14,52,8.974358974,2.991452991,156,468,2.991452991,0.02991453,1,12,39
156,27/2/1997,Summer,1997,1,7.5,13,19.23076923,6.41025641,1,4.5,13,11.53846154,3.846153846,1,12,13,30.76923077,10.25641026,1,0,13,0,0,1,12,10,40,13.33333333,1,0,16,0,0,,,0,,,1,12,26,15.38461538,5.128205128,1,24,52,15.38461538,5.128205128,156,468,5.128205128,0.051282051,1,16.5,39
157,23/4/1997,Autumn,1997,1,26,13,66.66666667,22.22222222,1,6,13,15.38461538,5.128205128,1,9,13,23.07692308,7.692307692,1,10,13,25.64102564,8.547008547,1,7,10,23.33333333,7.777777778,1,12,16,25,8.333333333,,,0,,,1,32,26,41.02564103,13.67521368,1,51,52,32.69230769,10.8974359,156,468,10.8974359,0.108974359,1,25,39
158,21/1/1998,Summer,1998,1,6,11,18.18181818,6.060606061,1,1,13,2.564102564,0.854700855,1,7,13,17.94871795,5.982905983,1,3,13,7.692307692,2.564102564,1,10,13,25.64102564,8.547008547,,,0,,,,,0,,,1,7,24,9.722222222,3.240740741,1,17,50,11.33333333,3.777777778,150,450,3.777777778,0.037777778,1,11,39
159,17/3/1998,Autumn,1998,1,9,13,23.07692308,7.692307692,1,2,13,5.128205128,1.709401709,1,8,13,20.51282051,6.837606838,1,2,13,5.128205128,1.709401709,1,10,26,12.82051282,4.273504274,,,0,,,,,0,,,1,11,26,14.1025641,4.700854701,1,21,52,13.46153846,4.487179487,156,468,4.487179487,0.044871795,1,12,39
160,20/5/1998,Autumn,1998,1,8,13,20.51282051,6.837606838,1,9,13,23.07692308,7.692307692,1,3,8,12.5,4.166666667,1,4,8,16.66666667,5.555555556,1,7,16,14.58333333,4.861111111,,,0,,,,,0,,,1,17,26,21.79487179,7.264957265,1,24,42,19.04761905,6.349206349,126,378,6.349206349,0.063492063,1,16,29
161,15/7/1998,Winter,1998,1,3,13,7.692307692,2.564102564,1,8,13,20.51282051,6.837606838,1,5,13,12.82051282,4.273504274,1,1,2,16.66666667,5.555555556,1,6,15,13.33333333,4.444444444,,,0,,,,,0,,,1,11,26,14.1025641,4.700854701,1,17,41,13.82113821,4.60704607,123,369,4.60704607,0.046070461,1,14,28
162,3/9/1998,Spring,1998,1,1,12,2.777777778,0.925925926,1,1,12,2.777777778,0.925925926,1,4,13,10.25641026,3.418803419,1,9,13,23.07692308,7.692307692,1,13,26,16.66666667,5.555555556,,,0,,,,,0,,,1,2,24,2.777777778,0.925925926,1,15,50,10,3.333333333,150,450,3.333333333,0.033333333,1,14,38
163,22/12/1998,Summer,1998,1,4,13,10.25641026,3.418803419,1,0,13,0,0,1,0,13,0,0,1,1,13,2.564102564,0.854700855,1,1,26,1.282051282,0.427350427,,,0,,,,,0,,,1,4,26,5.128205128,1.709401709,1,5,52,3.205128205,1.068376068,156,468,1.068376068,0.010683761,1,1,39
164,14/4/1999,Autumn,1999,1,7,13,17.94871795,5.982905983,1,10,13,25.64102564,8.547008547,1,6,12,16.66666667,5.555555556,1,10,12,27.77777778,9.259259259,1,16,25,21.33333333,7.111111111,,,0,,,,,0,,,1,17,26,21.79487179,7.264957265,1,33,50,22,7.333333333,150,450,7.333333333,0.073333333,1,26,37
165,9/6/1999,Winter,1999,1,1,12,2.777777778,0.925925926,1,10,12,27.77777778,9.259259259,1,0,8,0,0,1,1,13,2.564102564,0.854700855,1,11,7,52.38095238,17.46031746,,,0,,,,,0,,,1,11,24,15.27777778,5.092592593,1,12,45,8.888888889,2.962962963,135,405,2.962962963,0.02962963,1,11,33
166,28/7/1999,Winter,1999,1,0,9,0,0,1,2,13,5.128205128,1.709401709,1,0,0,,,1,0,13,0,0,,,0,,,1,0,0,,,,,0,,,1,2,22,3.03030303,1.01010101,1,2,35,1.904761905,0.634920635,105,315,0.634920635,0.006349206,1,2,26
167,21/9/1999,Spring,1999,1,0,3,0,0,1,0,1,0,0,1,6,13,15.38461538,5.128205128,1,7,13,17.94871795,5.982905983,,,0,,,1,13,26,16.66666667,5.555555556,,,0,,,1,0,4,0,0,1,13,30,14.44444444,4.814814815,90,270,4.814814815,0.048148148,1,13,27
168,17/11/1999,Spring,1999,1,0,12,0,0,1,2,11,6.060606061,2.02020202,1,3,13,7.692307692,2.564102564,1,0,13,0,0,,,0,,,1,3,26,3.846153846,1.282051282,,,0,,,1,2,23,2.898550725,0.966183575,1,5,49,3.401360544,1.133786848,147,441,1.133786848,0.011337868,1,5,37
169,11/1/2000,Summer,2000,1,3,13,7.692307692,2.564102564,1,2,13,5.128205128,1.709401709,1,1,9,3.703703704,1.234567901,1,0,9,0,0,,,0,,,1,1,18,1.851851852,0.617283951,,,0,,,1,5,26,6.41025641,2.136752137,1,6,44,4.545454545,1.515151515,132,396,1.515151515,0.015151515,1,3,31
170,28/3/2000,Autumn,2000,1,12,13,30.76923077,10.25641026,1,5,13,12.82051282,4.273504274,1,4,11,12.12121212,4.04040404,1,3,11,9.090909091,3.03030303,,,0,,,1,7,22,10.60606061,3.535353535,,,0,,,1,17,26,21.79487179,7.264957265,1,24,48,16.66666667,5.555555556,144,432,5.555555556,0.055555556,1,12,35
171,6/6/2000,Winter,2000,1,5,12,13.88888889,4.62962963,1,9,12,25,8.333333333,1,1,12,2.777777778,0.925925926,1,0,9,0,0,1,1,21,1.587301587,0.529100529,,,0,,,,,0,,,1,14,24,19.44444444,6.481481481,1,15,45,11.11111111,3.703703704,135,405,3.703703704,0.037037037,1,10,33